{
  "proj" : [
      {
      "pid" : "0",
      "name":"image5",
      "title": "Dreammy 2.0",
      "description": "A social site with logged features with tokens, content uploads, private chat, friend suggesstions",
      "link":"https://dreammy.aayushh.com",
      "code": ["Express","ReactJs", "Redux", "Styled-Components", "Materialize", "MongoDB", "Google Cloud"]
    },{
      "pid" : "1",
      "name":"image9",
      "title": "Finapp : In Progress",
      "description": "Financial Literacy Application for highschool students in NorthEast Lousiana",
      "link":"https://uwnelafinapp.com",
      "code": ["Typescript","ReactJs", "NodeJs","Express" , "MongoDB", "Google Cloud"]
    },{
      "pid" : "1",
      "name":"image7",
      "title": "Url Shortner",
      "description": "A service that shortens any URL and performs redirects to the actual site",
      "link":"https://github.com/aayush6194/shorten-url",
      "code": ["Next.js", "NodeJs","Express" , "MongoDB"]
    },{
      "pid" : "2",
      "name":"image6",
      "title": "Google Image Extractor",
      "description": "A webscraping app that extracts google images related to the searched keyword",
      "link":"https://github.com/aayush6194/google-image-extractor",
      "code": ["NodeJs", "EJS","Puppeteer"]
    },{
      "pid" : "3",
      "name":"image8",
      "title": "Game Searcher",
      "description": "A frontend angular application that implements game database API to search games. Additionally, enables users to create game wishlist within the app",
      "link":"https://github.com/aayush6194/game-searcher",
      "code": ["Angular", "Rxjs", "ngrx", "NodeJs","Express" , "MongoDB"]
    },
    {
      "pid" : "4",
      "name":"image4",
      "title": "Calender App",
      "description": "A Calender App: IN PROGRESS",
      "link":"https://calendar.aayushh.com",
      "code": ["NodeJs","ReactJs", "Redux", "Styled-Components", "MongoDB"]
    },
  
    {
    "pid" : "5",
    "name":"image1",
    "title": "To-do List",
    "description": "A to-do list application built on Materialize CSS; uses PHP as the serverside language for logins, signup and adding/deleting to the list with MySQL as the database.",
    "link":"http://todolistphp.gearhostpreview.com",
    "code": ["PHP", "Materialize", "MySQL", "Javascript"]
  },
  {
    "pid" : "7",
    "name":"image3",
    "title": "Auction Website",
    "description": "A responsive ReactJs app to stimulate just the front end for an auction website.",
    "link":"",
    "code": ["ReactJs"]
  }

]
}